ID,AU1_0,AU1_1,AU2_0,AU2_1,AU4_0,AU4_1,AU6_0,AU6_1,AU12_0,AU12_1,AU15_0,AU15_1,AU20_0,AU20_1,AU25_0,AU25_1
1.jpg,0,1,1,0,1,0,1,0,1,0,1,0,1,0,1,0
2.jpg,0,1,1,0,1,0,1,0,1,0,1,0,1,0,1,0
3.jpg,0,1,1,0,1,0,1,0,1,0,1,0,1,0,1,0
4.jpg,0,1,1,0,1,0,1,0,1,0,1,0,1,0,1,0
5.jpg,0,1,1,0,1,0,1,0,1,0,1,0,1,0,1,0
6.jpg,0,1,1,0,1,0,1,0,1,0,1,0,1,0,1,0
7.jpg,1,0,1,0,1,0,1,0,1,0,1,0,1,0,1,0
8.jpg,1,0,1,0,1,0,1,0,1,0,1,0,1,0,1,0
9.jpg,1,0,1,0,1,0,1,0,1,0,1,0,1,0,1,0
10.jpg,1,0,1,0,1,0,1,0,1,0,1,0,1,0,1,0
11.jpg,1,0,1,0,1,0,1,0,1,0,1,0,1,0,1,0
12.jpg,1,0,1,0,1,0,1,0,1,0,1,0,1,0,1,0
13.jpg,1,0,1,0,1,0,1,0,1,0,1,0,1,0,1,0
14.jpg,1,0,1,0,1,0,1,0,1,0,1,0,1,0,1,0
15.jpg,1,0,1,0,1,0,1,0,0,1,1,0,1,0,1,0
16.jpg,1,0,1,0,1,0,1,0,0,1,1,0,1,0,1,0
17.jpg,1,0,1,0,1,0,1,0,0,1,1,0,1,0,1,0
18.jpg,1,0,1,0,1,0,1,0,1,0,1,0,1,0,1,0
19.jpg,1,0,1,0,1,0,1,0,1,0,1,0,1,0,1,0
20.jpg,1,0,1,0,1,0,1,0,1,0,1,0,1,0,1,0
21.jpg,1,0,1,0,1,0,1,0,1,0,1,0,1,0,1,0
22.jpg,1,0,1,0,1,0,0,1,1,0,1,0,1,0,1,0
23.jpg,1,0,1,0,0,1,0,1,1,0,1,0,1,0,1,0
24.jpg,1,0,1,0,0,1,0,1,0,1,1,0,1,0,1,0
25.jpg,1,0,1,0,0,1,0,1,0,1,1,0,1,0,1,0
26.jpg,1,0,1,0,1,0,0,1,0,1,1,0,1,0,1,0
27.jpg,0,1,1,0,1,0,0,1,0,1,1,0,1,0,1,0
28.jpg,0,1,1,0,1,0,0,1,1,0,1,0,1,0,1,0
29.jpg,0,1,1,0,1,0,0,1,1,0,1,0,1,0,1,0
30.jpg,0,1,1,0,1,0,0,1,1,0,1,0,1,0,1,0
31.jpg,0,1,1,0,1,0,0,1,0,1,1,0,1,0,1,0
32.jpg,0,1,1,0,1,0,0,1,0,1,1,0,1,0,1,0
33.jpg,0,1,1,0,1,0,0,1,0,1,1,0,1,0,1,0
34.jpg,1,0,1,0,1,0,0,1,0,1,1,0,1,0,1,0
35.jpg,0,1,1,0,1,0,0,1,0,1,1,0,1,0,1,0
36.jpg,0,1,1,0,1,0,0,1,0,1,1,0,1,0,1,0
37.jpg,0,1,1,0,1,0,0,1,0,1,1,0,1,0,1,0
38.jpg,0,1,1,0,1,0,0,1,0,1,1,0,1,0,1,0
39.jpg,0,1,1,0,1,0,0,1,0,1,1,0,1,0,1,0
40.jpg,0,1,1,0,1,0,0,1,1,0,1,0,1,0,1,0
41.jpg,1,0,1,0,1,0,1,0,1,0,1,0,1,0,1,0
42.jpg,1,0,1,0,1,0,1,0,1,0,1,0,1,0,1,0
43.jpg,1,0,1,0,1,0,1,0,1,0,1,0,1,0,1,0
44.jpg,1,0,1,0,1,0,1,0,1,0,1,0,1,0,1,0
45.jpg,1,0,1,0,1,0,1,0,1,0,1,0,1,0,1,0
46.jpg,1,0,1,0,1,0,1,0,1,0,1,0,1,0,1,0
47.jpg,1,0,1,0,1,0,1,0,1,0,1,0,1,0,1,0
48.jpg,1,0,1,0,1,0,1,0,1,0,1,0,1,0,1,0
49.jpg,0,1,1,0,1,0,1,0,1,0,1,0,1,0,1,0
50.jpg,0,1,1,0,1,0,1,0,0,1,1,0,1,0,1,0
51.jpg,0,1,1,0,1,0,1,0,0,1,1,0,1,0,1,0
52.jpg,0,1,1,0,1,0,1,0,0,1,1,0,1,0,1,0
53.jpg,0,1,1,0,1,0,1,0,0,1,1,0,1,0,1,0
54.jpg,0,1,1,0,1,0,1,0,0,1,1,0,1,0,1,0
55.jpg,0,1,1,0,1,0,1,0,0,1,1,0,1,0,1,0
56.jpg,0,1,1,0,1,0,1,0,0,1,1,0,1,0,1,0
57.jpg,1,0,1,0,1,0,1,0,0,1,1,0,1,0,1,0
58.jpg,1,0,1,0,1,0,1,0,0,1,1,0,1,0,1,0
59.jpg,0,1,1,0,1,0,1,0,1,0,1,0,1,0,1,0
60.jpg,0,1,1,0,1,0,1,0,1,0,1,0,1,0,1,0
61.jpg,0,1,1,0,1,0,1,0,1,0,1,0,1,0,1,0
62.jpg,0,1,1,0,1,0,1,0,1,0,1,0,1,0,1,0
63.jpg,0,1,1,0,1,0,1,0,1,0,1,0,1,0,1,0
64.jpg,0,1,1,0,1,0,1,0,1,0,1,0,1,0,1,0
65.jpg,0,1,1,0,1,0,1,0,1,0,1,0,1,0,1,0
66.jpg,0,1,1,0,1,0,1,0,1,0,1,0,1,0,1,0
67.jpg,0,1,1,0,1,0,1,0,1,0,1,0,1,0,1,0
68.jpg,0,1,1,0,1,0,1,0,0,1,1,0,1,0,1,0
69.jpg,0,1,1,0,1,0,1,0,0,1,1,0,1,0,1,0
70.jpg,0,1,1,0,1,0,1,0,1,0,1,0,1,0,1,0
71.jpg,0,1,1,0,1,0,1,0,1,0,1,0,1,0,1,0
72.jpg,0,1,1,0,1,0,1,0,1,0,1,0,1,0,1,0
73.jpg,0,1,1,0,1,0,1,0,1,0,1,0,1,0,1,0
74.jpg,0,1,1,0,1,0,1,0,1,0,1,0,1,0,1,0
75.jpg,0,1,1,0,1,0,1,0,0,1,1,0,1,0,1,0
76.jpg,0,1,1,0,1,0,1,0,0,1,1,0,1,0,1,0
77.jpg,0,1,1,0,1,0,1,0,0,1,1,0,1,0,1,0
78.jpg,0,1,1,0,1,0,1,0,1,0,1,0,1,0,1,0
79.jpg,0,1,1,0,1,0,1,0,1,0,1,0,1,0,1,0
80.jpg,0,1,1,0,1,0,1,0,1,0,1,0,1,0,1,0
81.jpg,0,1,1,0,1,0,1,0,1,0,1,0,1,0,1,0
82.jpg,0,1,1,0,1,0,1,0,1,0,1,0,1,0,1,0
83.jpg,0,1,1,0,1,0,1,0,1,0,1,0,1,0,1,0
84.jpg,0,1,1,0,1,0,1,0,1,0,1,0,1,0,1,0
85.jpg,0,1,1,0,1,0,1,0,1,0,1,0,1,0,1,0
86.jpg,1,0,1,0,1,0,1,0,1,0,1,0,1,0,1,0
87.jpg,1,0,1,0,1,0,1,0,1,0,1,0,1,0,1,0
88.jpg,1,0,1,0,1,0,1,0,1,0,1,0,1,0,1,0
89.jpg,1,0,1,0,1,0,1,0,1,0,1,0,1,0,1,0
90.jpg,0,1,1,0,1,0,1,0,1,0,1,0,1,0,1,0
91.jpg,0,1,1,0,1,0,1,0,1,0,1,0,1,0,1,0
92.jpg,0,1,1,0,1,0,1,0,1,0,1,0,1,0,1,0
93.jpg,0,1,1,0,1,0,1,0,1,0,1,0,1,0,1,0
94.jpg,0,1,1,0,1,0,1,0,1,0,1,0,1,0,1,0
95.jpg,0,1,1,0,1,0,1,0,1,0,1,0,1,0,1,0
96.jpg,1,0,1,0,1,0,1,0,1,0,1,0,1,0,1,0
97.jpg,1,0,1,0,1,0,1,0,1,0,1,0,1,0,1,0
98.jpg,0,1,1,0,1,0,1,0,1,0,1,0,1,0,1,0
99.jpg,0,1,1,0,1,0,1,0,1,0,1,0,1,0,1,0
100.jpg,0,1,1,0,1,0,1,0,1,0,1,0,1,0,1,0
101.jpg,0,1,1,0,1,0,0,1,0,1,1,0,1,0,1,0
102.jpg,0,1,1,0,1,0,0,1,0,1,1,0,1,0,1,0
103.jpg,0,1,1,0,1,0,0,1,0,1,1,0,1,0,1,0
104.jpg,0,1,1,0,1,0,0,1,0,1,1,0,1,0,1,0
105.jpg,0,1,1,0,1,0,0,1,0,1,1,0,1,0,1,0
106.jpg,0,1,1,0,1,0,0,1,0,1,1,0,1,0,1,0
107.jpg,0,1,1,0,1,0,0,1,0,1,1,0,1,0,1,0
108.jpg,0,1,1,0,1,0,0,1,0,1,1,0,1,0,1,0
109.jpg,0,1,1,0,1,0,0,1,0,1,1,0,1,0,1,0
110.jpg,0,1,1,0,1,0,0,1,0,1,1,0,1,0,1,0
111.jpg,0,1,1,0,1,0,0,1,0,1,1,0,1,0,1,0
112.jpg,0,1,1,0,1,0,0,1,0,1,1,0,1,0,1,0
113.jpg,0,1,1,0,1,0,0,1,0,1,1,0,1,0,1,0
114.jpg,0,1,1,0,1,0,0,1,0,1,1,0,1,0,1,0
115.jpg,1,0,1,0,1,0,0,1,0,1,1,0,1,0,1,0
116.jpg,1,0,1,0,1,0,0,1,0,1,1,0,1,0,1,0
117.jpg,1,0,1,0,1,0,0,1,0,1,1,0,1,0,1,0
118.jpg,1,0,1,0,1,0,0,1,0,1,1,0,1,0,1,0
119.jpg,1,0,1,0,1,0,0,1,0,1,1,0,1,0,1,0
120.jpg,1,0,1,0,1,0,0,1,0,1,1,0,1,0,1,0
121.jpg,1,0,1,0,1,0,0,1,0,1,1,0,1,0,1,0
122.jpg,1,0,1,0,1,0,0,1,0,1,1,0,1,0,1,0
123.jpg,1,0,1,0,1,0,0,1,0,1,1,0,1,0,1,0
124.jpg,1,0,1,0,1,0,0,1,0,1,1,0,1,0,1,0
125.jpg,1,0,1,0,1,0,0,1,0,1,1,0,1,0,1,0
126.jpg,0,1,1,0,1,0,0,1,0,1,1,0,1,0,1,0
127.jpg,0,1,1,0,1,0,0,1,0,1,1,0,1,0,1,0
128.jpg,0,1,1,0,1,0,0,1,1,0,1,0,1,0,1,0
129.jpg,0,1,1,0,1,0,0,1,1,0,1,0,1,0,1,0
130.jpg,0,1,1,0,1,0,0,1,1,0,1,0,1,0,1,0
131.jpg,0,1,1,0,1,0,1,0,1,0,1,0,1,0,1,0
132.jpg,0,1,1,0,1,0,1,0,1,0,1,0,1,0,1,0
133.jpg,0,1,1,0,1,0,1,0,1,0,1,0,1,0,1,0
134.jpg,0,1,1,0,1,0,1,0,1,0,1,0,1,0,1,0
135.jpg,0,1,1,0,1,0,1,0,1,0,1,0,1,0,1,0
136.jpg,0,1,1,0,1,0,1,0,1,0,1,0,1,0,1,0
137.jpg,0,1,1,0,1,0,1,0,1,0,1,0,1,0,1,0
138.jpg,0,1,1,0,1,0,1,0,1,0,1,0,1,0,1,0
139.jpg,0,1,1,0,1,0,1,0,1,0,1,0,1,0,1,0
140.jpg,0,1,1,0,1,0,1,0,1,0,1,0,1,0,1,0
141.jpg,0,1,1,0,1,0,1,0,1,0,1,0,1,0,1,0
142.jpg,0,1,1,0,1,0,1,0,1,0,1,0,1,0,1,0
143.jpg,0,1,1,0,1,0,1,0,1,0,1,0,1,0,1,0
144.jpg,0,1,1,0,1,0,1,0,1,0,1,0,1,0,1,0
145.jpg,0,1,1,0,1,0,1,0,1,0,1,0,1,0,1,0
146.jpg,0,1,1,0,1,0,1,0,1,0,1,0,1,0,1,0
147.jpg,0,1,1,0,1,0,1,0,1,0,1,0,1,0,1,0
148.jpg,0,1,1,0,1,0,1,0,1,0,1,0,1,0,1,0
149.jpg,0,1,1,0,1,0,1,0,1,0,1,0,1,0,1,0
150.jpg,0,1,1,0,1,0,1,0,1,0,1,0,1,0,1,0
151.jpg,0,1,1,0,1,0,1,0,1,0,1,0,1,0,1,0
152.jpg,0,1,1,0,1,0,1,0,1,0,1,0,1,0,1,0
153.jpg,0,1,1,0,1,0,1,0,1,0,1,0,1,0,1,0
154.jpg,0,1,1,0,1,0,1,0,1,0,1,0,1,0,1,0
155.jpg,0,1,1,0,1,0,1,0,1,0,1,0,1,0,1,0
156.jpg,0,1,1,0,1,0,1,0,1,0,1,0,1,0,1,0
157.jpg,0,1,1,0,1,0,1,0,1,0,1,0,1,0,1,0
158.jpg,0,1,1,0,1,0,1,0,1,0,1,0,1,0,1,0
159.jpg,0,1,1,0,1,0,1,0,1,0,1,0,1,0,1,0
160.jpg,0,1,1,0,1,0,1,0,1,0,1,0,1,0,1,0
161.jpg,0,1,1,0,1,0,1,0,1,0,1,0,1,0,1,0
162.jpg,0,1,1,0,1,0,1,0,1,0,1,0,1,0,1,0
163.jpg,0,1,1,0,1,0,1,0,1,0,1,0,1,0,1,0
164.jpg,0,1,1,0,1,0,1,0,1,0,1,0,1,0,1,0
165.jpg,0,1,1,0,1,0,1,0,1,0,1,0,1,0,1,0
166.jpg,0,1,1,0,1,0,1,0,1,0,1,0,1,0,1,0
167.jpg,0,1,1,0,1,0,1,0,1,0,1,0,1,0,1,0
168.jpg,0,1,1,0,1,0,1,0,1,0,1,0,1,0,1,0
169.jpg,0,1,1,0,1,0,1,0,1,0,1,0,1,0,1,0
170.jpg,0,1,1,0,1,0,1,0,1,0,1,0,1,0,1,0
171.jpg,0,1,1,0,1,0,1,0,1,0,1,0,1,0,1,0
172.jpg,0,1,1,0,1,0,1,0,1,0,1,0,1,0,1,0
173.jpg,0,1,1,0,1,0,1,0,1,0,1,0,1,0,1,0
174.jpg,0,1,1,0,1,0,1,0,1,0,1,0,1,0,1,0
175.jpg,0,1,1,0,1,0,1,0,1,0,1,0,1,0,1,0
176.jpg,0,1,1,0,1,0,1,0,1,0,1,0,1,0,1,0
177.jpg,0,1,1,0,1,0,1,0,1,0,1,0,1,0,1,0
178.jpg,0,1,1,0,1,0,1,0,1,0,1,0,1,0,1,0
179.jpg,0,1,1,0,1,0,1,0,1,0,1,0,1,0,1,0
180.jpg,0,1,1,0,1,0,1,0,1,0,1,0,1,0,1,0
181.jpg,0,1,1,0,1,0,1,0,1,0,1,0,1,0,1,0
182.jpg,0,1,1,0,1,0,1,0,1,0,1,0,1,0,1,0
183.jpg,0,1,1,0,1,0,1,0,1,0,1,0,1,0,1,0
184.jpg,0,1,1,0,1,0,1,0,1,0,1,0,1,0,1,0
185.jpg,0,1,1,0,1,0,1,0,1,0,1,0,1,0,1,0
186.jpg,0,1,1,0,1,0,1,0,1,0,1,0,1,0,1,0
187.jpg,0,1,1,0,1,0,1,0,1,0,1,0,1,0,1,0
188.jpg,0,1,1,0,1,0,1,0,1,0,1,0,1,0,1,0
189.jpg,0,1,1,0,1,0,1,0,1,0,1,0,1,0,1,0
190.jpg,0,1,1,0,1,0,1,0,1,0,1,0,1,0,1,0
191.jpg,0,1,1,0,1,0,1,0,1,0,1,0,1,0,1,0
192.jpg,0,1,1,0,1,0,1,0,1,0,1,0,1,0,1,0
193.jpg,0,1,1,0,1,0,1,0,1,0,1,0,1,0,1,0
194.jpg,0,1,1,0,1,0,1,0,1,0,1,0,1,0,1,0
195.jpg,0,1,1,0,1,0,1,0,1,0,1,0,1,0,1,0
196.jpg,0,1,1,0,1,0,1,0,1,0,1,0,1,0,1,0
197.jpg,0,1,1,0,1,0,1,0,1,0,1,0,1,0,1,0
198.jpg,0,1,1,0,1,0,1,0,1,0,1,0,1,0,1,0
199.jpg,0,1,1,0,1,0,1,0,1,0,1,0,1,0,1,0
200.jpg,0,1,1,0,1,0,1,0,1,0,1,0,1,0,1,0
201.jpg,0,1,1,0,1,0,1,0,1,0,1,0,1,0,1,0
202.jpg,0,1,1,0,1,0,1,0,1,0,1,0,1,0,1,0
203.jpg,0,1,1,0,1,0,1,0,1,0,1,0,1,0,1,0
204.jpg,0,1,1,0,1,0,1,0,1,0,1,0,1,0,1,0
205.jpg,0,1,1,0,1,0,1,0,1,0,1,0,1,0,1,0
206.jpg,0,1,1,0,1,0,1,0,1,0,1,0,1,0,1,0
207.jpg,0,1,1,0,1,0,1,0,1,0,1,0,1,0,1,0
208.jpg,0,1,1,0,1,0,1,0,1,0,1,0,1,0,1,0
209.jpg,0,1,1,0,1,0,1,0,1,0,1,0,1,0,1,0
210.jpg,0,1,1,0,1,0,1,0,1,0,1,0,1,0,1,0
211.jpg,0,1,1,0,1,0,1,0,1,0,1,0,1,0,1,0
212.jpg,1,0,1,0,1,0,1,0,1,0,1,0,1,0,1,0
213.jpg,1,0,1,0,1,0,1,0,1,0,1,0,1,0,1,0
214.jpg,1,0,1,0,1,0,1,0,1,0,1,0,1,0,1,0
215.jpg,1,0,1,0,1,0,1,0,1,0,1,0,1,0,1,0
216.jpg,1,0,1,0,1,0,1,0,1,0,1,0,1,0,1,0
217.jpg,1,0,1,0,1,0,1,0,1,0,1,0,1,0,1,0
218.jpg,1,0,1,0,1,0,1,0,1,0,1,0,1,0,1,0
219.jpg,1,0,1,0,1,0,1,0,1,0,1,0,1,0,1,0
220.jpg,1,0,1,0,1,0,1,0,1,0,1,0,1,0,1,0
221.jpg,1,0,1,0,1,0,1,0,1,0,1,0,1,0,1,0
222.jpg,1,0,1,0,1,0,1,0,1,0,1,0,1,0,1,0
223.jpg,1,0,1,0,1,0,1,0,1,0,1,0,1,0,1,0
224.jpg,1,0,1,0,1,0,1,0,1,0,1,0,1,0,1,0
225.jpg,1,0,1,0,1,0,1,0,1,0,1,0,1,0,1,0
226.jpg,1,0,1,0,1,0,1,0,1,0,1,0,1,0,1,0
227.jpg,1,0,1,0,1,0,1,0,1,0,1,0,1,0,1,0
228.jpg,1,0,1,0,1,0,1,0,1,0,1,0,1,0,1,0
229.jpg,1,0,1,0,1,0,1,0,1,0,1,0,1,0,1,0
230.jpg,1,0,1,0,1,0,1,0,1,0,1,0,1,0,1,0
231.jpg,1,0,1,0,1,0,1,0,1,0,1,0,1,0,1,0
232.jpg,1,0,1,0,1,0,1,0,1,0,1,0,1,0,1,0
233.jpg,1,0,1,0,1,0,1,0,1,0,1,0,1,0,1,0
234.jpg,1,0,1,0,1,0,1,0,1,0,1,0,1,0,1,0
235.jpg,1,0,1,0,1,0,1,0,1,0,1,0,1,0,1,0
236.jpg,1,0,1,0,1,0,1,0,1,0,1,0,1,0,1,0
237.jpg,1,0,1,0,1,0,0,1,1,0,1,0,1,0,1,0
238.jpg,1,0,1,0,1,0,0,1,1,0,1,0,1,0,1,0
239.jpg,1,0,1,0,1,0,0,1,1,0,1,0,1,0,1,0
240.jpg,1,0,1,0,1,0,0,1,1,0,1,0,1,0,1,0
241.jpg,1,0,1,0,1,0,0,1,0,1,1,0,1,0,1,0
242.jpg,1,0,1,0,1,0,0,1,0,1,1,0,1,0,1,0
243.jpg,1,0,1,0,1,0,0,1,0,1,1,0,1,0,1,0
244.jpg,1,0,1,0,1,0,0,1,0,1,1,0,1,0,1,0
245.jpg,1,0,1,0,1,0,1,0,0,1,1,0,1,0,1,0
246.jpg,1,0,1,0,1,0,1,0,0,1,1,0,1,0,1,0
247.jpg,1,0,1,0,1,0,1,0,0,1,1,0,1,0,1,0
248.jpg,1,0,1,0,1,0,1,0,0,1,1,0,1,0,1,0
249.jpg,1,0,1,0,1,0,1,0,0,1,1,0,1,0,1,0
250.jpg,1,0,1,0,1,0,1,0,0,1,1,0,1,0,1,0
251.jpg,1,0,1,0,1,0,1,0,0,1,1,0,1,0,1,0
252.jpg,1,0,1,0,1,0,1,0,0,1,1,0,1,0,1,0
253.jpg,1,0,1,0,1,0,1,0,0,1,1,0,1,0,1,0
254.jpg,1,0,1,0,1,0,1,0,1,0,1,0,1,0,1,0
255.jpg,1,0,1,0,1,0,1,0,1,0,1,0,1,0,1,0
256.jpg,1,0,1,0,1,0,1,0,1,0,1,0,1,0,1,0
257.jpg,1,0,1,0,1,0,1,0,1,0,1,0,1,0,1,0
258.jpg,1,0,1,0,1,0,1,0,1,0,1,0,1,0,1,0
259.jpg,1,0,1,0,1,0,1,0,1,0,1,0,1,0,1,0
260.jpg,1,0,1,0,1,0,1,0,1,0,1,0,1,0,1,0
261.jpg,1,0,1,0,1,0,1,0,1,0,1,0,1,0,1,0
262.jpg,1,0,1,0,1,0,1,0,1,0,1,0,1,0,1,0
263.jpg,1,0,1,0,1,0,1,0,0,1,1,0,1,0,1,0
264.jpg,1,0,1,0,1,0,1,0,0,1,1,0,1,0,1,0
265.jpg,1,0,1,0,1,0,1,0,0,1,1,0,1,0,1,0
266.jpg,1,0,1,0,1,0,1,0,1,0,1,0,1,0,1,0
267.jpg,1,0,1,0,1,0,1,0,1,0,1,0,1,0,1,0
268.jpg,1,0,1,0,1,0,1,0,1,0,1,0,1,0,1,0
269.jpg,1,0,1,0,1,0,1,0,1,0,1,0,1,0,1,0
270.jpg,1,0,1,0,1,0,1,0,1,0,1,0,1,0,1,0
271.jpg,1,0,1,0,1,0,1,0,1,0,1,0,1,0,1,0
272.jpg,1,0,1,0,1,0,1,0,1,0,1,0,1,0,1,0
273.jpg,1,0,1,0,1,0,1,0,1,0,1,0,1,0,1,0
274.jpg,1,0,1,0,1,0,0,1,1,0,1,0,1,0,1,0
275.jpg,1,0,1,0,1,0,0,1,1,0,1,0,1,0,1,0
276.jpg,1,0,1,0,1,0,0,1,1,0,1,0,1,0,1,0
277.jpg,1,0,1,0,1,0,0,1,0,1,1,0,1,0,1,0
278.jpg,1,0,1,0,1,0,0,1,0,1,1,0,1,0,1,0
279.jpg,1,0,1,0,1,0,0,1,0,1,1,0,1,0,1,0
280.jpg,1,0,1,0,1,0,0,1,0,1,1,0,1,0,1,0
281.jpg,1,0,1,0,1,0,0,1,0,1,1,0,1,0,1,0
282.jpg,1,0,1,0,1,0,0,1,0,1,1,0,1,0,1,0
283.jpg,1,0,1,0,1,0,0,1,0,1,1,0,1,0,1,0
284.jpg,1,0,1,0,1,0,0,1,0,1,1,0,1,0,1,0
285.jpg,1,0,1,0,1,0,0,1,0,1,1,0,1,0,1,0
286.jpg,1,0,1,0,1,0,0,1,0,1,1,0,1,0,1,0
287.jpg,1,0,1,0,1,0,0,1,0,1,1,0,1,0,1,0
288.jpg,1,0,1,0,1,0,0,1,0,1,1,0,1,0,1,0
289.jpg,1,0,1,0,1,0,0,1,0,1,1,0,1,0,1,0
290.jpg,1,0,1,0,1,0,0,1,0,1,1,0,1,0,1,0
291.jpg,1,0,1,0,1,0,0,1,0,1,1,0,1,0,1,0
292.jpg,1,0,1,0,1,0,0,1,0,1,1,0,1,0,1,0
293.jpg,1,0,1,0,1,0,0,1,0,1,1,0,1,0,1,0
294.jpg,1,0,1,0,1,0,1,0,0,1,1,0,1,0,1,0
295.jpg,1,0,1,0,1,0,1,0,0,1,1,0,1,0,1,0
296.jpg,1,0,1,0,1,0,1,0,1,0,1,0,1,0,1,0
297.jpg,1,0,1,0,1,0,1,0,1,0,1,0,1,0,1,0
298.jpg,1,0,1,0,1,0,1,0,1,0,1,0,1,0,1,0
299.jpg,1,0,1,0,1,0,1,0,1,0,1,0,1,0,1,0
300.jpg,1,0,1,0,1,0,1,0,1,0,1,0,1,0,1,0
301.jpg,0,1,1,0,1,0,1,0,1,0,1,0,1,0,1,0
302.jpg,0,1,1,0,1,0,1,0,0,1,1,0,1,0,1,0
303.jpg,0,1,1,0,1,0,1,0,0,1,1,0,1,0,1,0
304.jpg,0,1,1,0,1,0,1,0,0,1,1,0,1,0,1,0
305.jpg,0,1,1,0,1,0,1,0,0,1,1,0,1,0,1,0
306.jpg,0,1,1,0,1,0,1,0,0,1,1,0,1,0,1,0
307.jpg,0,1,1,0,1,0,1,0,0,1,1,0,1,0,1,0
308.jpg,0,1,1,0,1,0,1,0,0,1,1,0,1,0,1,0
309.jpg,0,1,1,0,1,0,1,0,0,1,1,0,1,0,1,0
310.jpg,0,1,1,0,1,0,1,0,0,1,1,0,1,0,1,0
311.jpg,0,1,1,0,1,0,1,0,0,1,1,0,1,0,1,0
312.jpg,0,1,1,0,1,0,1,0,0,1,1,0,1,0,1,0
313.jpg,0,1,1,0,1,0,1,0,0,1,1,0,1,0,1,0
314.jpg,0,1,1,0,1,0,1,0,0,1,1,0,1,0,1,0
315.jpg,0,1,1,0,1,0,1,0,0,1,1,0,1,0,1,0
316.jpg,0,1,1,0,1,0,1,0,0,1,1,0,1,0,1,0
317.jpg,0,1,1,0,1,0,1,0,0,1,1,0,1,0,1,0
318.jpg,0,1,1,0,1,0,1,0,0,1,1,0,1,0,1,0
319.jpg,0,1,1,0,1,0,1,0,0,1,1,0,1,0,1,0
320.jpg,0,1,1,0,1,0,1,0,0,1,1,0,1,0,1,0
321.jpg,0,1,1,0,1,0,1,0,0,1,1,0,1,0,1,0
322.jpg,0,1,1,0,1,0,1,0,0,1,1,0,1,0,1,0
323.jpg,0,1,1,0,1,0,1,0,0,1,1,0,1,0,1,0
324.jpg,0,1,1,0,1,0,1,0,0,1,1,0,1,0,1,0
325.jpg,0,1,1,0,1,0,1,0,0,1,1,0,1,0,1,0
326.jpg,0,1,1,0,1,0,1,0,0,1,1,0,1,0,1,0
327.jpg,0,1,1,0,1,0,1,0,0,1,1,0,1,0,1,0
328.jpg,1,0,1,0,1,0,1,0,0,1,1,0,1,0,1,0
329.jpg,1,0,1,0,1,0,1,0,0,1,1,0,1,0,1,0
330.jpg,1,0,1,0,1,0,1,0,0,1,1,0,1,0,1,0
331.jpg,1,0,1,0,1,0,1,0,0,1,1,0,1,0,1,0
332.jpg,1,0,1,0,1,0,1,0,0,1,1,0,1,0,1,0
333.jpg,1,0,1,0,1,0,1,0,0,1,1,0,1,0,1,0
334.jpg,1,0,1,0,1,0,1,0,0,1,1,0,1,0,1,0
335.jpg,1,0,1,0,1,0,1,0,0,1,1,0,1,0,1,0
336.jpg,1,0,1,0,1,0,1,0,0,1,1,0,1,0,1,0
337.jpg,1,0,1,0,1,0,1,0,0,1,1,0,1,0,1,0
338.jpg,1,0,1,0,1,0,1,0,0,1,1,0,1,0,1,0
339.jpg,1,0,1,0,1,0,1,0,0,1,1,0,1,0,1,0
340.jpg,1,0,1,0,1,0,1,0,0,1,1,0,1,0,1,0
341.jpg,1,0,1,0,1,0,1,0,0,1,1,0,1,0,1,0
342.jpg,1,0,1,0,1,0,1,0,0,1,1,0,1,0,1,0
343.jpg,1,0,1,0,1,0,1,0,0,1,1,0,1,0,1,0
344.jpg,1,0,1,0,1,0,1,0,0,1,1,0,1,0,1,0
345.jpg,1,0,1,0,1,0,1,0,0,1,1,0,1,0,1,0
346.jpg,1,0,1,0,1,0,1,0,0,1,1,0,1,0,1,0
347.jpg,1,0,1,0,1,0,1,0,0,1,1,0,1,0,1,0
348.jpg,1,0,1,0,1,0,1,0,0,1,1,0,1,0,1,0
349.jpg,1,0,1,0,1,0,1,0,0,1,1,0,1,0,1,0
350.jpg,1,0,1,0,1,0,1,0,0,1,1,0,1,0,1,0
351.jpg,1,0,1,0,1,0,1,0,0,1,1,0,1,0,1,0
352.jpg,1,0,1,0,1,0,1,0,0,1,1,0,1,0,1,0
353.jpg,1,0,1,0,1,0,1,0,0,1,1,0,1,0,1,0
354.jpg,1,0,1,0,1,0,1,0,0,1,1,0,1,0,1,0
355.jpg,1,0,1,0,1,0,1,0,0,1,1,0,1,0,1,0
356.jpg,1,0,1,0,1,0,1,0,0,1,1,0,1,0,1,0
357.jpg,1,0,1,0,1,0,1,0,0,1,1,0,1,0,1,0
358.jpg,1,0,1,0,1,0,1,0,0,1,1,0,1,0,1,0
359.jpg,1,0,1,0,1,0,1,0,0,1,1,0,1,0,1,0
360.jpg,1,0,1,0,1,0,1,0,0,1,1,0,1,0,1,0
361.jpg,1,0,1,0,1,0,1,0,0,1,1,0,1,0,1,0
362.jpg,1,0,1,0,1,0,1,0,0,1,1,0,1,0,1,0
363.jpg,1,0,1,0,1,0,1,0,0,1,1,0,1,0,1,0
364.jpg,1,0,1,0,1,0,1,0,0,1,1,0,1,0,1,0
365.jpg,1,0,1,0,1,0,1,0,0,1,1,0,1,0,1,0
366.jpg,1,0,1,0,1,0,1,0,0,1,1,0,1,0,1,0
367.jpg,1,0,1,0,1,0,1,0,0,1,1,0,1,0,1,0
368.jpg,0,1,1,0,1,0,1,0,0,1,1,0,1,0,1,0
369.jpg,0,1,1,0,1,0,1,0,0,1,1,0,1,0,1,0
370.jpg,0,1,1,0,1,0,1,0,0,1,1,0,1,0,1,0
371.jpg,0,1,1,0,1,0,1,0,0,1,1,0,1,0,1,0
372.jpg,0,1,1,0,1,0,1,0,0,1,1,0,1,0,1,0
373.jpg,0,1,1,0,1,0,1,0,0,1,1,0,1,0,1,0
374.jpg,0,1,1,0,1,0,1,0,0,1,1,0,1,0,1,0
375.jpg,0,1,1,0,1,0,1,0,0,1,1,0,1,0,1,0
376.jpg,0,1,1,0,1,0,1,0,0,1,1,0,1,0,1,0
377.jpg,0,1,1,0,1,0,1,0,0,1,1,0,1,0,1,0
378.jpg,0,1,1,0,1,0,1,0,0,1,1,0,1,0,1,0
379.jpg,0,1,1,0,1,0,1,0,0,1,1,0,1,0,1,0
380.jpg,0,1,1,0,1,0,1,0,0,1,1,0,1,0,1,0
381.jpg,0,1,1,0,1,0,1,0,0,1,1,0,1,0,1,0
382.jpg,0,1,1,0,1,0,1,0,0,1,1,0,1,0,1,0
383.jpg,0,1,1,0,1,0,1,0,0,1,1,0,1,0,1,0
384.jpg,0,1,1,0,1,0,1,0,0,1,1,0,1,0,1,0
385.jpg,0,1,1,0,1,0,1,0,0,1,1,0,1,0,1,0
386.jpg,0,1,1,0,1,0,1,0,0,1,1,0,1,0,1,0
387.jpg,0,1,1,0,1,0,1,0,1,0,1,0,1,0,1,0
388.jpg,0,1,1,0,1,0,1,0,1,0,1,0,1,0,1,0
389.jpg,0,1,1,0,1,0,1,0,1,0,1,0,1,0,1,0
390.jpg,0,1,1,0,1,0,1,0,1,0,1,0,1,0,1,0
391.jpg,0,1,1,0,1,0,1,0,1,0,1,0,1,0,1,0
392.jpg,0,1,1,0,1,0,1,0,1,0,1,0,1,0,1,0
393.jpg,0,1,1,0,1,0,1,0,1,0,1,0,1,0,1,0
394.jpg,0,1,1,0,1,0,1,0,1,0,1,0,1,0,1,0
395.jpg,0,1,1,0,1,0,1,0,1,0,1,0,1,0,1,0
396.jpg,0,1,1,0,1,0,1,0,1,0,1,0,1,0,1,0
397.jpg,0,1,1,0,1,0,1,0,1,0,1,0,1,0,1,0
398.jpg,0,1,1,0,1,0,1,0,1,0,1,0,1,0,1,0
399.jpg,0,1,1,0,1,0,1,0,1,0,1,0,1,0,1,0
400.jpg,0,1,1,0,1,0,1,0,1,0,1,0,1,0,1,0
401.jpg,0,1,1,0,1,0,1,0,1,0,1,0,1,0,1,0
402.jpg,0,1,1,0,1,0,1,0,0,1,1,0,1,0,1,0
403.jpg,0,1,1,0,1,0,1,0,0,1,1,0,1,0,1,0
404.jpg,0,1,1,0,1,0,1,0,0,1,1,0,1,0,1,0
405.jpg,0,1,1,0,1,0,1,0,0,1,1,0,1,0,1,0
406.jpg,0,1,1,0,1,0,1,0,0,1,1,0,1,0,1,0
407.jpg,0,1,1,0,1,0,1,0,0,1,1,0,1,0,1,0
408.jpg,0,1,1,0,1,0,1,0,0,1,1,0,1,0,1,0
409.jpg,0,1,1,0,1,0,1,0,0,1,1,0,1,0,1,0
410.jpg,0,1,1,0,1,0,1,0,0,1,1,0,1,0,1,0
411.jpg,0,1,1,0,1,0,1,0,0,1,1,0,1,0,1,0
412.jpg,0,1,1,0,1,0,1,0,0,1,1,0,1,0,1,0
413.jpg,0,1,1,0,1,0,1,0,0,1,1,0,1,0,1,0
414.jpg,0,1,1,0,1,0,1,0,0,1,1,0,1,0,1,0
415.jpg,0,1,1,0,1,0,1,0,0,1,1,0,1,0,1,0
416.jpg,0,1,1,0,1,0,1,0,0,1,1,0,1,0,1,0
417.jpg,0,1,1,0,1,0,1,0,0,1,1,0,1,0,1,0
418.jpg,0,1,1,0,1,0,1,0,0,1,1,0,1,0,1,0
419.jpg,0,1,1,0,1,0,1,0,0,1,1,0,1,0,1,0
420.jpg,0,1,1,0,1,0,1,0,0,1,1,0,1,0,1,0
421.jpg,0,1,1,0,1,0,1,0,0,1,1,0,1,0,1,0
422.jpg,0,1,1,0,1,0,1,0,0,1,1,0,1,0,1,0
423.jpg,0,1,1,0,1,0,1,0,0,1,1,0,1,0,1,0
424.jpg,0,1,1,0,1,0,1,0,0,1,1,0,1,0,1,0
425.jpg,0,1,1,0,1,0,1,0,0,1,1,0,1,0,1,0
426.jpg,0,1,1,0,1,0,1,0,0,1,1,0,1,0,1,0
427.jpg,0,1,1,0,1,0,1,0,0,1,1,0,1,0,1,0
428.jpg,1,0,1,0,1,0,1,0,0,1,1,0,1,0,1,0
429.jpg,1,0,1,0,1,0,1,0,0,1,1,0,1,0,1,0
430.jpg,1,0,1,0,1,0,1,0,0,1,1,0,1,0,1,0
431.jpg,1,0,1,0,1,0,1,0,0,1,1,0,1,0,1,0
432.jpg,1,0,1,0,1,0,1,0,0,1,1,0,1,0,1,0
433.jpg,1,0,1,0,1,0,1,0,0,1,1,0,1,0,1,0
434.jpg,1,0,1,0,1,0,1,0,0,1,1,0,1,0,1,0
435.jpg,1,0,1,0,1,0,1,0,0,1,1,0,1,0,1,0
436.jpg,1,0,1,0,1,0,1,0,0,1,1,0,1,0,1,0
437.jpg,1,0,1,0,1,0,1,0,0,1,1,0,1,0,1,0
438.jpg,1,0,1,0,1,0,1,0,0,1,1,0,1,0,1,0
439.jpg,1,0,1,0,1,0,1,0,0,1,1,0,1,0,1,0
440.jpg,1,0,1,0,1,0,1,0,0,1,1,0,1,0,1,0
441.jpg,1,0,1,0,1,0,1,0,0,1,1,0,1,0,1,0
442.jpg,1,0,1,0,1,0,1,0,0,1,1,0,1,0,1,0
443.jpg,1,0,1,0,1,0,1,0,0,1,1,0,1,0,1,0
444.jpg,1,0,1,0,1,0,1,0,0,1,1,0,1,0,1,0
445.jpg,1,0,1,0,1,0,1,0,0,1,1,0,1,0,1,0
446.jpg,1,0,1,0,1,0,1,0,0,1,1,0,1,0,1,0
447.jpg,1,0,1,0,1,0,1,0,0,1,1,0,1,0,1,0
448.jpg,1,0,1,0,1,0,1,0,0,1,1,0,1,0,1,0
449.jpg,1,0,1,0,1,0,1,0,0,1,1,0,1,0,1,0
450.jpg,1,0,1,0,1,0,1,0,0,1,1,0,1,0,1,0
451.jpg,1,0,1,0,1,0,1,0,0,1,1,0,1,0,1,0
452.jpg,1,0,1,0,1,0,1,0,0,1,1,0,1,0,1,0
453.jpg,1,0,1,0,1,0,1,0,0,1,1,0,1,0,1,0
454.jpg,1,0,1,0,1,0,1,0,0,1,1,0,1,0,1,0
455.jpg,1,0,1,0,1,0,1,0,0,1,1,0,1,0,1,0
456.jpg,1,0,1,0,1,0,1,0,0,1,1,0,1,0,1,0
457.jpg,1,0,1,0,1,0,1,0,0,1,1,0,1,0,1,0
458.jpg,1,0,1,0,1,0,1,0,0,1,1,0,1,0,1,0
459.jpg,1,0,1,0,1,0,1,0,0,1,1,0,1,0,1,0
460.jpg,1,0,1,0,1,0,1,0,0,1,1,0,1,0,1,0
461.jpg,1,0,1,0,1,0,1,0,0,1,1,0,1,0,1,0
462.jpg,1,0,1,0,1,0,1,0,0,1,1,0,1,0,1,0
463.jpg,1,0,1,0,1,0,1,0,0,1,1,0,1,0,1,0
464.jpg,1,0,1,0,1,0,1,0,0,1,1,0,1,0,1,0
465.jpg,1,0,1,0,1,0,1,0,0,1,1,0,1,0,1,0
466.jpg,1,0,1,0,1,0,1,0,0,1,1,0,1,0,1,0
467.jpg,1,0,1,0,1,0,1,0,0,1,1,0,1,0,1,0
468.jpg,0,1,1,0,1,0,1,0,0,1,1,0,1,0,1,0
469.jpg,0,1,1,0,1,0,1,0,0,1,1,0,1,0,1,0
470.jpg,0,1,1,0,1,0,1,0,0,1,1,0,1,0,1,0
471.jpg,0,1,1,0,1,0,1,0,0,1,1,0,1,0,1,0
472.jpg,0,1,1,0,1,0,1,0,0,1,1,0,1,0,1,0
473.jpg,0,1,1,0,1,0,1,0,0,1,1,0,1,0,1,0
474.jpg,0,1,1,0,1,0,1,0,0,1,1,0,1,0,1,0
475.jpg,0,1,1,0,1,0,1,0,0,1,1,0,1,0,1,0
476.jpg,0,1,1,0,1,0,1,0,0,1,1,0,1,0,1,0
477.jpg,0,1,1,0,1,0,1,0,0,1,1,0,1,0,1,0
478.jpg,0,1,1,0,1,0,1,0,0,1,1,0,1,0,1,0
479.jpg,0,1,1,0,1,0,1,0,0,1,1,0,1,0,1,0
480.jpg,0,1,1,0,1,0,1,0,0,1,1,0,1,0,1,0
481.jpg,0,1,1,0,1,0,1,0,0,1,1,0,1,0,1,0
482.jpg,0,1,1,0,1,0,1,0,0,1,1,0,1,0,1,0
483.jpg,0,1,1,0,1,0,1,0,0,1,1,0,1,0,1,0
484.jpg,0,1,1,0,1,0,1,0,0,1,1,0,1,0,1,0
485.jpg,0,1,1,0,1,0,1,0,0,1,1,0,1,0,1,0
486.jpg,0,1,1,0,1,0,1,0,0,1,1,0,1,0,1,0
487.jpg,0,1,1,0,1,0,1,0,1,0,1,0,1,0,1,0
488.jpg,0,1,1,0,1,0,1,0,1,0,1,0,1,0,1,0
489.jpg,0,1,1,0,1,0,1,0,1,0,1,0,1,0,1,0
490.jpg,0,1,1,0,1,0,1,0,1,0,1,0,1,0,1,0
491.jpg,0,1,1,0,1,0,1,0,1,0,1,0,1,0,1,0
492.jpg,0,1,1,0,1,0,1,0,1,0,1,0,1,0,1,0
493.jpg,0,1,1,0,1,0,1,0,1,0,1,0,1,0,1,0
494.jpg,0,1,1,0,1,0,1,0,1,0,1,0,1,0,1,0
495.jpg,0,1,1,0,1,0,1,0,1,0,1,0,1,0,1,0
496.jpg,0,1,1,0,1,0,1,0,1,0,1,0,1,0,1,0
497.jpg,0,1,1,0,1,0,1,0,1,0,1,0,1,0,1,0
498.jpg,0,1,1,0,1,0,1,0,1,0,1,0,1,0,1,0
499.jpg,0,1,1,0,1,0,1,0,1,0,1,0,1,0,1,0
500.jpg,0,1,1,0,1,0,1,0,1,0,1,0,1,0,1,0
501.jpg,0,1,1,0,1,0,1,0,1,0,1,0,1,0,1,0
502.jpg,0,1,1,0,1,0,1,0,1,0,1,0,1,0,1,0
503.jpg,0,1,1,0,1,0,1,0,1,0,1,0,1,0,1,0
504.jpg,0,1,1,0,1,0,1,0,1,0,1,0,1,0,1,0
505.jpg,0,1,1,0,1,0,1,0,1,0,1,0,1,0,1,0
506.jpg,0,1,1,0,1,0,1,0,1,0,1,0,1,0,1,0
507.jpg,0,1,1,0,1,0,1,0,1,0,1,0,1,0,1,0
508.jpg,0,1,1,0,1,0,1,0,1,0,1,0,1,0,1,0
509.jpg,0,1,1,0,1,0,1,0,1,0,1,0,1,0,1,0
510.jpg,0,1,1,0,1,0,1,0,1,0,1,0,1,0,1,0
511.jpg,0,1,1,0,1,0,1,0,1,0,1,0,1,0,1,0
512.jpg,0,1,1,0,1,0,1,0,1,0,1,0,1,0,1,0
513.jpg,0,1,1,0,1,0,1,0,1,0,1,0,1,0,1,0
514.jpg,0,1,1,0,1,0,1,0,1,0,1,0,1,0,1,0
515.jpg,1,0,1,0,1,0,1,0,1,0,1,0,1,0,1,0
516.jpg,1,0,1,0,1,0,1,0,1,0,1,0,1,0,1,0
517.jpg,1,0,1,0,1,0,1,0,1,0,1,0,1,0,1,0
518.jpg,1,0,1,0,1,0,1,0,1,0,1,0,1,0,1,0
519.jpg,1,0,1,0,1,0,1,0,1,0,1,0,1,0,1,0
520.jpg,1,0,1,0,1,0,1,0,1,0,1,0,1,0,1,0
521.jpg,1,0,1,0,1,0,1,0,1,0,1,0,1,0,1,0
522.jpg,1,0,1,0,0,1,1,0,1,0,1,0,1,0,1,0
523.jpg,1,0,1,0,0,1,1,0,1,0,1,0,1,0,1,0
524.jpg,1,0,1,0,0,1,1,0,1,0,1,0,1,0,1,0
525.jpg,1,0,1,0,0,1,1,0,1,0,1,0,1,0,1,0
526.jpg,1,0,1,0,0,1,1,0,1,0,1,0,1,0,1,0
527.jpg,1,0,1,0,0,1,1,0,1,0,1,0,1,0,1,0
528.jpg,1,0,1,0,0,1,1,0,1,0,1,0,1,0,1,0
529.jpg,1,0,1,0,0,1,1,0,1,0,1,0,1,0,1,0
530.jpg,1,0,1,0,0,1,1,0,1,0,1,0,1,0,1,0
531.jpg,1,0,1,0,0,1,1,0,1,0,1,0,1,0,1,0
532.jpg,1,0,1,0,0,1,1,0,1,0,1,0,1,0,1,0
533.jpg,1,0,1,0,0,1,1,0,1,0,1,0,1,0,1,0
534.jpg,1,0,1,0,0,1,1,0,1,0,1,0,1,0,1,0
535.jpg,1,0,1,0,0,1,1,0,1,0,1,0,1,0,1,0
536.jpg,1,0,1,0,0,1,1,0,1,0,1,0,1,0,1,0
537.jpg,1,0,1,0,0,1,1,0,1,0,1,0,1,0,1,0
538.jpg,1,0,1,0,0,1,1,0,1,0,1,0,1,0,1,0
539.jpg,1,0,1,0,0,1,1,0,1,0,1,0,1,0,1,0
540.jpg,1,0,1,0,0,1,1,0,1,0,1,0,1,0,1,0
541.jpg,1,0,1,0,0,1,1,0,1,0,1,0,1,0,1,0
542.jpg,1,0,1,0,0,1,1,0,1,0,1,0,1,0,1,0
543.jpg,1,0,1,0,0,1,1,0,1,0,1,0,1,0,1,0
544.jpg,1,0,1,0,0,1,1,0,1,0,1,0,1,0,1,0
545.jpg,1,0,1,0,0,1,1,0,1,0,1,0,1,0,1,0
546.jpg,1,0,1,0,0,1,1,0,1,0,1,0,1,0,1,0
547.jpg,1,0,1,0,0,1,1,0,1,0,1,0,1,0,1,0
548.jpg,1,0,1,0,0,1,1,0,1,0,1,0,1,0,1,0
549.jpg,1,0,1,0,0,1,1,0,1,0,1,0,1,0,1,0
550.jpg,1,0,1,0,0,1,1,0,1,0,1,0,1,0,1,0
551.jpg,1,0,1,0,0,1,1,0,1,0,1,0,1,0,1,0
552.jpg,1,0,1,0,0,1,1,0,1,0,1,0,1,0,1,0
553.jpg,1,0,1,0,0,1,1,0,1,0,1,0,1,0,1,0
554.jpg,1,0,1,0,0,1,1,0,1,0,1,0,1,0,1,0
555.jpg,1,0,1,0,0,1,1,0,1,0,1,0,1,0,1,0
556.jpg,1,0,1,0,0,1,1,0,1,0,1,0,1,0,1,0
557.jpg,1,0,1,0,0,1,1,0,1,0,1,0,1,0,1,0
558.jpg,1,0,1,0,0,1,1,0,1,0,1,0,1,0,1,0
559.jpg,1,0,1,0,0,1,1,0,1,0,1,0,1,0,1,0
560.jpg,1,0,1,0,0,1,1,0,1,0,1,0,1,0,1,0
561.jpg,1,0,1,0,0,1,1,0,1,0,1,0,1,0,1,0
562.jpg,1,0,1,0,0,1,1,0,1,0,1,0,1,0,1,0
563.jpg,1,0,1,0,0,1,1,0,1,0,1,0,1,0,1,0
564.jpg,1,0,1,0,0,1,1,0,1,0,1,0,1,0,1,0
565.jpg,1,0,1,0,0,1,1,0,1,0,1,0,1,0,1,0
566.jpg,1,0,1,0,0,1,1,0,1,0,1,0,1,0,1,0
567.jpg,1,0,1,0,0,1,1,0,1,0,1,0,1,0,1,0
568.jpg,1,0,1,0,0,1,1,0,1,0,1,0,1,0,1,0
569.jpg,1,0,1,0,0,1,1,0,1,0,1,0,1,0,1,0
570.jpg,1,0,1,0,1,0,1,0,1,0,1,0,1,0,1,0
571.jpg,1,0,1,0,1,0,1,0,1,0,1,0,1,0,1,0
572.jpg,1,0,1,0,1,0,1,0,1,0,1,0,1,0,1,0
573.jpg,1,0,1,0,1,0,1,0,1,0,1,0,1,0,1,0
574.jpg,1,0,1,0,1,0,1,0,1,0,1,0,1,0,1,0
575.jpg,1,0,1,0,1,0,1,0,1,0,1,0,1,0,1,0
576.jpg,1,0,1,0,1,0,1,0,1,0,1,0,1,0,1,0
577.jpg,1,0,1,0,1,0,1,0,1,0,1,0,1,0,1,0
578.jpg,1,0,1,0,1,0,1,0,1,0,1,0,1,0,1,0
579.jpg,1,0,1,0,1,0,1,0,1,0,1,0,1,0,1,0
580.jpg,1,0,1,0,1,0,1,0,1,0,1,0,1,0,1,0
581.jpg,1,0,1,0,1,0,1,0,1,0,1,0,1,0,1,0
582.jpg,1,0,1,0,1,0,1,0,1,0,1,0,1,0,1,0
583.jpg,1,0,1,0,0,1,1,0,1,0,1,0,1,0,1,0
584.jpg,1,0,1,0,0,1,1,0,1,0,1,0,1,0,1,0
585.jpg,1,0,1,0,0,1,1,0,1,0,1,0,1,0,1,0
586.jpg,1,0,1,0,0,1,1,0,1,0,1,0,1,0,1,0
587.jpg,1,0,1,0,0,1,1,0,1,0,1,0,1,0,1,0
588.jpg,1,0,1,0,0,1,1,0,1,0,1,0,1,0,1,0
589.jpg,1,0,1,0,0,1,1,0,1,0,1,0,1,0,1,0
590.jpg,1,0,1,0,0,1,1,0,1,0,1,0,1,0,1,0
591.jpg,1,0,1,0,0,1,1,0,1,0,1,0,1,0,1,0
592.jpg,1,0,1,0,0,1,1,0,1,0,1,0,1,0,1,0
593.jpg,1,0,1,0,0,1,1,0,1,0,1,0,1,0,1,0
594.jpg,1,0,1,0,0,1,1,0,1,0,1,0,1,0,1,0
595.jpg,1,0,1,0,0,1,1,0,1,0,1,0,1,0,1,0
596.jpg,1,0,1,0,0,1,1,0,1,0,1,0,1,0,1,0
597.jpg,1,0,1,0,0,1,1,0,1,0,1,0,1,0,1,0
598.jpg,1,0,1,0,0,1,1,0,1,0,1,0,1,0,1,0
599.jpg,1,0,1,0,0,1,1,0,1,0,1,0,1,0,1,0
600.jpg,1,0,1,0,0,1,1,0,1,0,1,0,1,0,1,0
601.jpg,1,0,1,0,1,0,0,1,1,0,1,0,1,0,1,0
602.jpg,1,0,1,0,1,0,0,1,1,0,1,0,1,0,1,0
603.jpg,1,0,1,0,1,0,0,1,1,0,1,0,1,0,1,0
604.jpg,1,0,1,0,1,0,0,1,1,0,1,0,1,0,1,0
605.jpg,1,0,1,0,1,0,0,1,1,0,1,0,1,0,1,0
606.jpg,1,0,1,0,1,0,0,1,1,0,1,0,1,0,1,0
607.jpg,1,0,1,0,1,0,0,1,1,0,1,0,1,0,1,0
608.jpg,1,0,1,0,1,0,0,1,1,0,1,0,1,0,1,0
609.jpg,1,0,1,0,1,0,0,1,1,0,1,0,1,0,1,0
610.jpg,1,0,1,0,1,0,0,1,1,0,1,0,1,0,1,0
611.jpg,1,0,1,0,1,0,0,1,1,0,1,0,1,0,1,0
612.jpg,1,0,1,0,1,0,0,1,1,0,1,0,1,0,1,0
613.jpg,1,0,1,0,1,0,0,1,1,0,1,0,1,0,1,0
614.jpg,1,0,1,0,0,1,0,1,1,0,1,0,1,0,1,0
615.jpg,1,0,1,0,0,1,0,1,1,0,1,0,1,0,1,0
616.jpg,1,0,1,0,0,1,0,1,1,0,1,0,1,0,1,0
617.jpg,1,0,1,0,0,1,0,1,1,0,1,0,1,0,1,0
618.jpg,1,0,1,0,0,1,0,1,1,0,1,0,1,0,1,0
619.jpg,1,0,1,0,0,1,0,1,1,0,1,0,1,0,1,0
620.jpg,1,0,1,0,0,1,0,1,1,0,1,0,1,0,1,0
621.jpg,1,0,1,0,0,1,0,1,1,0,1,0,1,0,1,0
622.jpg,1,0,1,0,0,1,0,1,1,0,1,0,1,0,1,0
623.jpg,1,0,1,0,0,1,0,1,1,0,1,0,1,0,1,0
624.jpg,1,0,1,0,0,1,0,1,1,0,1,0,1,0,1,0
625.jpg,1,0,1,0,0,1,0,1,1,0,1,0,1,0,1,0
626.jpg,1,0,1,0,0,1,0,1,1,0,1,0,1,0,1,0
627.jpg,1,0,1,0,0,1,0,1,1,0,1,0,1,0,1,0
628.jpg,1,0,1,0,0,1,0,1,1,0,1,0,1,0,1,0
629.jpg,1,0,1,0,0,1,0,1,1,0,1,0,1,0,1,0
630.jpg,1,0,1,0,0,1,0,1,1,0,1,0,1,0,1,0
631.jpg,1,0,1,0,0,1,0,1,1,0,1,0,1,0,1,0
632.jpg,1,0,1,0,0,1,0,1,1,0,1,0,1,0,1,0
633.jpg,1,0,1,0,0,1,0,1,1,0,1,0,1,0,1,0
634.jpg,1,0,1,0,0,1,0,1,1,0,1,0,1,0,1,0
635.jpg,1,0,1,0,0,1,0,1,1,0,1,0,1,0,1,0
636.jpg,1,0,1,0,0,1,0,1,1,0,1,0,1,0,1,0
637.jpg,1,0,1,0,0,1,0,1,1,0,1,0,1,0,1,0
638.jpg,1,0,1,0,0,1,0,1,1,0,1,0,1,0,1,0
639.jpg,1,0,1,0,0,1,0,1,1,0,1,0,1,0,1,0
640.jpg,1,0,1,0,0,1,0,1,1,0,1,0,1,0,1,0
641.jpg,1,0,1,0,0,1,0,1,1,0,1,0,1,0,1,0
642.jpg,1,0,1,0,0,1,0,1,1,0,1,0,1,0,1,0
643.jpg,1,0,1,0,0,1,0,1,1,0,1,0,1,0,1,0
644.jpg,1,0,1,0,0,1,0,1,1,0,1,0,1,0,1,0
645.jpg,1,0,1,0,0,1,0,1,1,0,1,0,1,0,1,0
646.jpg,1,0,1,0,0,1,0,1,1,0,1,0,1,0,1,0
647.jpg,1,0,1,0,0,1,0,1,1,0,1,0,1,0,1,0
648.jpg,1,0,1,0,0,1,0,1,1,0,1,0,1,0,1,0
649.jpg,1,0,1,0,0,1,0,1,1,0,1,0,1,0,1,0
650.jpg,1,0,1,0,0,1,0,1,1,0,1,0,1,0,1,0
651.jpg,1,0,1,0,0,1,0,1,1,0,1,0,1,0,1,0
652.jpg,1,0,1,0,0,1,0,1,1,0,1,0,1,0,1,0
653.jpg,1,0,1,0,0,1,0,1,1,0,1,0,1,0,1,0
654.jpg,1,0,1,0,0,1,0,1,1,0,1,0,1,0,1,0
655.jpg,1,0,1,0,0,1,0,1,1,0,1,0,1,0,1,0
656.jpg,1,0,1,0,0,1,0,1,1,0,1,0,1,0,1,0
657.jpg,1,0,1,0,0,1,0,1,1,0,1,0,1,0,1,0
658.jpg,1,0,1,0,0,1,0,1,1,0,1,0,1,0,1,0
659.jpg,1,0,1,0,0,1,0,1,1,0,1,0,1,0,1,0
660.jpg,1,0,1,0,0,1,0,1,1,0,1,0,1,0,1,0
661.jpg,1,0,1,0,0,1,0,1,1,0,1,0,1,0,1,0
662.jpg,1,0,1,0,0,1,0,1,1,0,1,0,1,0,1,0
663.jpg,1,0,1,0,0,1,0,1,1,0,1,0,1,0,1,0
664.jpg,1,0,1,0,0,1,0,1,1,0,1,0,1,0,1,0
665.jpg,1,0,1,0,0,1,0,1,1,0,1,0,1,0,1,0
666.jpg,1,0,1,0,0,1,0,1,1,0,1,0,1,0,1,0
667.jpg,1,0,1,0,0,1,0,1,1,0,1,0,1,0,1,0
668.jpg,1,0,1,0,0,1,0,1,1,0,1,0,1,0,1,0
669.jpg,1,0,1,0,0,1,0,1,1,0,1,0,1,0,1,0
670.jpg,1,0,1,0,0,1,0,1,1,0,1,0,1,0,1,0
671.jpg,1,0,1,0,0,1,0,1,1,0,1,0,1,0,1,0
672.jpg,1,0,1,0,0,1,0,1,1,0,1,0,1,0,1,0
673.jpg,1,0,1,0,0,1,0,1,1,0,1,0,1,0,1,0
674.jpg,1,0,1,0,0,1,0,1,1,0,1,0,1,0,1,0
675.jpg,1,0,1,0,0,1,0,1,1,0,1,0,1,0,1,0
676.jpg,1,0,1,0,0,1,0,1,1,0,1,0,1,0,1,0
677.jpg,1,0,1,0,0,1,0,1,1,0,1,0,1,0,1,0
678.jpg,1,0,1,0,0,1,0,1,1,0,1,0,1,0,1,0
679.jpg,1,0,1,0,0,1,1,0,1,0,1,0,1,0,1,0
680.jpg,1,0,1,0,0,1,1,0,1,0,1,0,1,0,1,0
681.jpg,1,0,1,0,0,1,1,0,1,0,1,0,1,0,1,0
682.jpg,1,0,1,0,0,1,1,0,1,0,1,0,1,0,1,0
683.jpg,1,0,1,0,0,1,1,0,1,0,1,0,1,0,1,0
684.jpg,1,0,1,0,0,1,1,0,1,0,1,0,1,0,1,0
685.jpg,1,0,1,0,0,1,1,0,1,0,1,0,1,0,1,0
686.jpg,1,0,1,0,0,1,1,0,1,0,1,0,1,0,1,0
687.jpg,1,0,1,0,0,1,1,0,1,0,1,0,1,0,1,0
688.jpg,1,0,1,0,1,0,1,0,1,0,1,0,1,0,1,0
689.jpg,1,0,1,0,1,0,1,0,1,0,1,0,1,0,1,0
690.jpg,1,0,1,0,1,0,1,0,1,0,1,0,1,0,1,0
691.jpg,1,0,1,0,1,0,1,0,1,0,1,0,1,0,1,0
692.jpg,1,0,1,0,1,0,1,0,1,0,1,0,1,0,1,0
693.jpg,1,0,1,0,1,0,1,0,1,0,1,0,1,0,1,0
694.jpg,1,0,1,0,1,0,1,0,1,0,1,0,1,0,1,0
695.jpg,1,0,1,0,1,0,1,0,1,0,1,0,1,0,1,0
696.jpg,1,0,1,0,1,0,1,0,1,0,1,0,1,0,1,0
697.jpg,1,0,1,0,1,0,1,0,1,0,1,0,1,0,1,0
698.jpg,1,0,1,0,1,0,1,0,1,0,1,0,1,0,1,0
699.jpg,1,0,1,0,1,0,1,0,1,0,1,0,1,0,1,0
700.jpg,1,0,1,0,1,0,1,0,1,0,1,0,1,0,1,0
701.jpg,1,0,1,0,1,0,1,0,1,0,1,0,1,0,1,0
702.jpg,1,0,1,0,1,0,1,0,1,0,1,0,1,0,1,0
703.jpg,1,0,1,0,0,1,0,1,1,0,1,0,1,0,1,0
704.jpg,1,0,1,0,0,1,0,1,1,0,1,0,1,0,1,0
705.jpg,1,0,1,0,0,1,0,1,1,0,1,0,1,0,1,0
706.jpg,1,0,1,0,0,1,0,1,1,0,1,0,1,0,1,0
707.jpg,1,0,1,0,0,1,0,1,1,0,1,0,1,0,1,0
708.jpg,1,0,1,0,0,1,0,1,1,0,1,0,1,0,1,0
709.jpg,1,0,1,0,0,1,0,1,1,0,1,0,1,0,1,0
710.jpg,1,0,1,0,0,1,0,1,1,0,1,0,1,0,1,0
711.jpg,1,0,1,0,0,1,0,1,1,0,1,0,1,0,1,0
712.jpg,1,0,1,0,0,1,0,1,1,0,1,0,1,0,1,0
713.jpg,1,0,1,0,0,1,0,1,1,0,1,0,1,0,1,0
714.jpg,1,0,1,0,0,1,0,1,1,0,1,0,1,0,1,0
715.jpg,1,0,1,0,0,1,0,1,1,0,1,0,1,0,1,0
716.jpg,1,0,1,0,0,1,0,1,1,0,1,0,1,0,1,0
717.jpg,1,0,1,0,0,1,1,0,1,0,1,0,1,0,1,0
718.jpg,1,0,1,0,0,1,1,0,1,0,1,0,1,0,1,0
719.jpg,1,0,1,0,0,1,1,0,1,0,1,0,1,0,1,0
720.jpg,1,0,1,0,0,1,1,0,1,0,1,0,1,0,1,0
721.jpg,1,0,1,0,0,1,1,0,1,0,1,0,1,0,1,0
722.jpg,1,0,1,0,0,1,1,0,1,0,1,0,1,0,1,0
723.jpg,1,0,1,0,0,1,1,0,1,0,1,0,1,0,1,0
724.jpg,1,0,1,0,0,1,1,0,1,0,1,0,1,0,1,0
725.jpg,1,0,1,0,0,1,1,0,1,0,1,0,1,0,1,0
726.jpg,1,0,1,0,0,1,1,0,1,0,1,0,1,0,1,0
727.jpg,1,0,1,0,0,1,1,0,1,0,1,0,1,0,1,0
728.jpg,1,0,1,0,0,1,1,0,1,0,1,0,1,0,1,0
729.jpg,1,0,1,0,0,1,1,0,1,0,1,0,1,0,1,0
730.jpg,1,0,1,0,0,1,1,0,1,0,1,0,1,0,1,0
731.jpg,1,0,1,0,0,1,1,0,1,0,1,0,1,0,1,0
732.jpg,1,0,1,0,0,1,1,0,1,0,1,0,1,0,1,0
733.jpg,1,0,1,0,0,1,1,0,1,0,1,0,1,0,1,0
734.jpg,1,0,1,0,0,1,1,0,1,0,1,0,1,0,1,0
735.jpg,1,0,1,0,0,1,1,0,1,0,1,0,1,0,1,0
736.jpg,1,0,1,0,0,1,1,0,1,0,1,0,1,0,1,0
737.jpg,1,0,1,0,0,1,1,0,1,0,1,0,1,0,1,0
738.jpg,1,0,1,0,0,1,1,0,1,0,1,0,1,0,1,0
739.jpg,1,0,1,0,0,1,1,0,1,0,1,0,1,0,1,0
740.jpg,1,0,1,0,0,1,1,0,1,0,1,0,1,0,1,0
741.jpg,1,0,1,0,0,1,1,0,1,0,1,0,1,0,1,0
742.jpg,1,0,1,0,0,1,1,0,1,0,1,0,1,0,1,0
743.jpg,1,0,1,0,0,1,1,0,1,0,1,0,1,0,1,0
744.jpg,1,0,1,0,0,1,1,0,1,0,1,0,1,0,1,0
745.jpg,1,0,1,0,0,1,1,0,1,0,1,0,1,0,1,0
746.jpg,1,0,1,0,0,1,1,0,1,0,1,0,1,0,1,0
747.jpg,1,0,1,0,0,1,1,0,1,0,1,0,1,0,1,0
748.jpg,1,0,1,0,0,1,1,0,1,0,1,0,1,0,1,0
749.jpg,1,0,1,0,0,1,1,0,1,0,1,0,1,0,1,0
750.jpg,1,0,1,0,0,1,1,0,1,0,1,0,1,0,1,0
751.jpg,1,0,1,0,0,1,1,0,1,0,1,0,1,0,1,0
752.jpg,1,0,1,0,0,1,1,0,1,0,1,0,1,0,1,0
753.jpg,1,0,1,0,0,1,1,0,1,0,1,0,1,0,1,0
754.jpg,1,0,1,0,0,1,1,0,1,0,1,0,1,0,1,0
755.jpg,1,0,1,0,0,1,1,0,1,0,1,0,1,0,1,0
756.jpg,1,0,1,0,0,1,0,1,1,0,1,0,1,0,1,0
757.jpg,1,0,1,0,0,1,0,1,1,0,1,0,1,0,1,0
758.jpg,1,0,1,0,0,1,0,1,1,0,1,0,1,0,1,0
759.jpg,1,0,1,0,0,1,0,1,1,0,1,0,1,0,1,0
760.jpg,1,0,1,0,0,1,0,1,1,0,1,0,1,0,1,0
761.jpg,1,0,1,0,0,1,0,1,1,0,1,0,1,0,1,0
762.jpg,1,0,1,0,0,1,0,1,1,0,1,0,1,0,1,0
763.jpg,1,0,1,0,0,1,0,1,1,0,1,0,1,0,1,0
764.jpg,1,0,1,0,0,1,0,1,1,0,1,0,1,0,1,0
765.jpg,1,0,1,0,0,1,0,1,1,0,1,0,1,0,1,0
766.jpg,1,0,1,0,0,1,0,1,1,0,1,0,1,0,1,0
767.jpg,1,0,1,0,0,1,0,1,1,0,1,0,1,0,1,0
768.jpg,1,0,1,0,0,1,0,1,1,0,1,0,1,0,1,0
769.jpg,1,0,1,0,0,1,0,1,1,0,1,0,1,0,1,0
770.jpg,1,0,1,0,0,1,0,1,1,0,1,0,1,0,1,0
771.jpg,1,0,1,0,0,1,0,1,1,0,1,0,1,0,1,0
772.jpg,1,0,1,0,0,1,0,1,1,0,1,0,1,0,1,0
773.jpg,1,0,1,0,0,1,0,1,1,0,1,0,1,0,1,0
774.jpg,1,0,1,0,0,1,0,1,1,0,1,0,1,0,1,0
775.jpg,1,0,1,0,0,1,0,1,1,0,1,0,1,0,1,0
776.jpg,1,0,1,0,0,1,0,1,1,0,1,0,1,0,1,0
777.jpg,1,0,1,0,0,1,0,1,1,0,1,0,1,0,1,0
778.jpg,1,0,1,0,0,1,0,1,1,0,1,0,1,0,1,0
779.jpg,1,0,1,0,0,1,0,1,1,0,1,0,1,0,1,0
780.jpg,1,0,1,0,0,1,0,1,1,0,1,0,1,0,1,0
781.jpg,1,0,1,0,0,1,0,1,1,0,1,0,1,0,1,0
782.jpg,1,0,1,0,0,1,0,1,1,0,1,0,1,0,1,0
783.jpg,1,0,1,0,0,1,0,1,1,0,1,0,1,0,1,0
784.jpg,1,0,1,0,0,1,1,0,1,0,1,0,1,0,1,0
785.jpg,1,0,1,0,0,1,1,0,1,0,1,0,1,0,1,0
786.jpg,1,0,1,0,0,1,1,0,1,0,1,0,1,0,1,0
787.jpg,1,0,1,0,0,1,1,0,1,0,1,0,1,0,1,0
788.jpg,1,0,1,0,0,1,1,0,1,0,1,0,1,0,1,0
789.jpg,1,0,1,0,0,1,1,0,1,0,1,0,1,0,1,0
790.jpg,1,0,1,0,0,1,1,0,1,0,1,0,1,0,1,0
791.jpg,1,0,1,0,0,1,1,0,1,0,1,0,1,0,1,0
792.jpg,1,0,1,0,0,1,1,0,1,0,1,0,1,0,1,0
793.jpg,1,0,1,0,0,1,1,0,1,0,1,0,1,0,1,0
794.jpg,1,0,1,0,0,1,1,0,1,0,1,0,1,0,1,0
795.jpg,1,0,1,0,0,1,1,0,1,0,1,0,1,0,1,0
796.jpg,1,0,1,0,0,1,1,0,1,0,1,0,1,0,1,0
797.jpg,1,0,1,0,0,1,1,0,1,0,1,0,1,0,1,0
798.jpg,1,0,1,0,0,1,1,0,1,0,1,0,1,0,1,0
799.jpg,1,0,1,0,0,1,1,0,1,0,1,0,1,0,1,0
800.jpg,1,0,1,0,0,1,1,0,1,0,1,0,1,0,1,0
801.jpg,1,0,1,0,1,0,1,0,1,0,1,0,1,0,1,0
802.jpg,1,0,1,0,1,0,1,0,1,0,1,0,1,0,1,0
803.jpg,1,0,1,0,1,0,1,0,1,0,1,0,1,0,1,0
804.jpg,1,0,1,0,1,0,1,0,1,0,1,0,1,0,1,0
805.jpg,1,0,1,0,1,0,1,0,1,0,1,0,1,0,1,0
806.jpg,1,0,1,0,1,0,1,0,1,0,1,0,1,0,1,0
807.jpg,1,0,1,0,1,0,1,0,1,0,1,0,1,0,1,0
808.jpg,1,0,1,0,1,0,1,0,1,0,1,0,1,0,1,0
809.jpg,1,0,1,0,1,0,1,0,1,0,1,0,1,0,1,0
810.jpg,1,0,1,0,1,0,1,0,1,0,1,0,1,0,1,0
811.jpg,1,0,1,0,1,0,1,0,1,0,1,0,1,0,1,0
812.jpg,1,0,1,0,1,0,1,0,1,0,1,0,1,0,1,0
813.jpg,1,0,1,0,1,0,1,0,1,0,1,0,1,0,1,0
814.jpg,1,0,1,0,1,0,1,0,1,0,1,0,1,0,1,0
815.jpg,1,0,1,0,1,0,1,0,1,0,1,0,1,0,1,0
816.jpg,1,0,1,0,1,0,1,0,1,0,1,0,1,0,1,0
817.jpg,1,0,1,0,1,0,1,0,1,0,1,0,1,0,1,0
818.jpg,1,0,1,0,1,0,1,0,1,0,1,0,1,0,1,0
819.jpg,1,0,1,0,1,0,1,0,1,0,1,0,1,0,1,0
820.jpg,1,0,1,0,1,0,1,0,1,0,1,0,1,0,1,0
821.jpg,1,0,1,0,1,0,1,0,1,0,1,0,1,0,1,0
822.jpg,1,0,1,0,1,0,1,0,1,0,1,0,1,0,1,0
823.jpg,1,0,1,0,1,0,1,0,1,0,1,0,1,0,1,0
824.jpg,1,0,1,0,1,0,1,0,1,0,1,0,1,0,1,0
825.jpg,1,0,1,0,1,0,1,0,1,0,1,0,1,0,1,0
826.jpg,1,0,1,0,1,0,1,0,1,0,1,0,1,0,1,0
827.jpg,1,0,1,0,1,0,1,0,1,0,1,0,1,0,1,0
828.jpg,1,0,1,0,1,0,1,0,1,0,1,0,1,0,1,0
829.jpg,1,0,1,0,1,0,1,0,1,0,1,0,1,0,1,0
830.jpg,1,0,1,0,1,0,1,0,1,0,1,0,1,0,1,0
831.jpg,1,0,1,0,1,0,1,0,1,0,1,0,1,0,1,0
832.jpg,1,0,1,0,1,0,1,0,1,0,1,0,1,0,1,0
833.jpg,1,0,1,0,1,0,1,0,1,0,1,0,1,0,1,0
834.jpg,1,0,1,0,1,0,1,0,1,0,1,0,1,0,1,0
835.jpg,1,0,1,0,1,0,1,0,1,0,1,0,1,0,1,0
836.jpg,0,1,1,0,1,0,1,0,1,0,1,0,1,0,1,0
837.jpg,0,1,1,0,1,0,1,0,1,0,1,0,1,0,1,0
838.jpg,0,1,1,0,1,0,1,0,1,0,1,0,1,0,1,0
839.jpg,0,1,1,0,1,0,1,0,1,0,1,0,1,0,1,0
840.jpg,0,1,1,0,1,0,1,0,1,0,1,0,1,0,1,0
841.jpg,0,1,1,0,1,0,1,0,1,0,1,0,1,0,1,0
842.jpg,0,1,1,0,1,0,1,0,1,0,1,0,1,0,1,0
843.jpg,0,1,1,0,1,0,1,0,1,0,1,0,1,0,1,0
844.jpg,0,1,1,0,1,0,1,0,1,0,1,0,1,0,1,0
845.jpg,0,1,1,0,1,0,1,0,1,0,1,0,1,0,1,0
846.jpg,0,1,1,0,1,0,1,0,1,0,1,0,1,0,1,0
847.jpg,0,1,1,0,1,0,1,0,1,0,1,0,1,0,1,0
848.jpg,0,1,1,0,1,0,1,0,1,0,1,0,1,0,1,0
849.jpg,0,1,1,0,1,0,1,0,1,0,1,0,1,0,1,0
850.jpg,0,1,1,0,1,0,1,0,1,0,1,0,1,0,1,0
851.jpg,0,1,1,0,1,0,1,0,1,0,1,0,1,0,1,0
852.jpg,0,1,1,0,1,0,1,0,1,0,1,0,1,0,1,0
853.jpg,0,1,1,0,1,0,1,0,1,0,1,0,1,0,1,0
854.jpg,0,1,1,0,1,0,1,0,1,0,1,0,1,0,1,0
855.jpg,0,1,1,0,1,0,1,0,1,0,1,0,1,0,1,0
856.jpg,0,1,1,0,1,0,1,0,1,0,1,0,1,0,1,0
857.jpg,0,1,1,0,1,0,1,0,1,0,1,0,1,0,1,0
858.jpg,0,1,1,0,1,0,1,0,1,0,1,0,1,0,1,0
859.jpg,0,1,1,0,1,0,1,0,1,0,1,0,1,0,1,0
860.jpg,0,1,1,0,1,0,1,0,1,0,1,0,1,0,1,0
861.jpg,0,1,1,0,1,0,1,0,1,0,1,0,1,0,1,0
862.jpg,0,1,1,0,1,0,1,0,1,0,1,0,1,0,1,0
863.jpg,0,1,1,0,1,0,1,0,1,0,1,0,1,0,1,0
864.jpg,0,1,1,0,1,0,1,0,1,0,1,0,1,0,1,0
865.jpg,0,1,1,0,1,0,1,0,1,0,1,0,1,0,1,0
866.jpg,0,1,1,0,1,0,1,0,1,0,1,0,1,0,1,0
867.jpg,0,1,1,0,1,0,1,0,1,0,1,0,1,0,1,0
868.jpg,0,1,1,0,1,0,1,0,1,0,1,0,1,0,1,0
869.jpg,0,1,1,0,1,0,1,0,1,0,1,0,1,0,1,0
870.jpg,0,1,1,0,1,0,1,0,1,0,1,0,1,0,1,0
871.jpg,0,1,1,0,1,0,1,0,1,0,1,0,1,0,1,0
872.jpg,0,1,1,0,1,0,1,0,1,0,1,0,1,0,1,0
873.jpg,0,1,1,0,1,0,1,0,1,0,1,0,1,0,1,0
874.jpg,0,1,1,0,1,0,1,0,1,0,1,0,1,0,1,0
875.jpg,0,1,1,0,1,0,1,0,1,0,1,0,1,0,1,0
876.jpg,0,1,1,0,1,0,1,0,1,0,1,0,1,0,1,0
877.jpg,0,1,1,0,1,0,1,0,1,0,1,0,1,0,1,0
878.jpg,0,1,1,0,1,0,1,0,1,0,1,0,1,0,1,0
879.jpg,1,0,1,0,1,0,1,0,1,0,1,0,1,0,1,0
880.jpg,1,0,1,0,1,0,1,0,1,0,1,0,1,0,1,0
881.jpg,0,1,1,0,1,0,1,0,1,0,1,0,1,0,1,0
882.jpg,0,1,1,0,1,0,1,0,1,0,1,0,1,0,1,0
883.jpg,0,1,1,0,1,0,1,0,1,0,1,0,1,0,1,0
884.jpg,0,1,1,0,1,0,1,0,1,0,1,0,1,0,1,0
885.jpg,0,1,1,0,1,0,1,0,1,0,1,0,1,0,1,0
886.jpg,0,1,1,0,1,0,1,0,1,0,1,0,1,0,1,0
887.jpg,0,1,1,0,1,0,1,0,1,0,1,0,1,0,1,0
888.jpg,0,1,1,0,1,0,1,0,1,0,1,0,1,0,1,0
889.jpg,0,1,1,0,1,0,1,0,1,0,1,0,1,0,1,0
890.jpg,0,1,1,0,1,0,1,0,1,0,1,0,1,0,1,0
891.jpg,0,1,1,0,1,0,1,0,1,0,1,0,1,0,1,0
892.jpg,0,1,1,0,1,0,1,0,1,0,1,0,1,0,1,0
893.jpg,0,1,1,0,1,0,1,0,1,0,1,0,1,0,1,0
894.jpg,0,1,1,0,1,0,1,0,1,0,1,0,1,0,1,0
895.jpg,0,1,1,0,1,0,1,0,1,0,1,0,1,0,1,0
896.jpg,0,1,1,0,1,0,1,0,1,0,1,0,1,0,1,0
897.jpg,0,1,1,0,1,0,1,0,1,0,1,0,1,0,1,0
898.jpg,0,1,1,0,1,0,1,0,1,0,1,0,1,0,1,0
899.jpg,0,1,1,0,1,0,1,0,1,0,1,0,1,0,1,0
900.jpg,0,1,1,0,1,0,1,0,1,0,1,0,1,0,1,0
901.jpg,1,0,1,0,0,1,1,0,1,0,1,0,1,0,1,0
902.jpg,1,0,1,0,0,1,1,0,1,0,1,0,1,0,1,0
903.jpg,1,0,1,0,0,1,1,0,1,0,1,0,1,0,1,0
904.jpg,1,0,1,0,0,1,1,0,1,0,1,0,1,0,1,0
905.jpg,1,0,1,0,0,1,1,0,1,0,1,0,1,0,1,0
906.jpg,1,0,1,0,0,1,1,0,1,0,1,0,1,0,1,0
907.jpg,1,0,1,0,0,1,1,0,1,0,1,0,1,0,1,0
908.jpg,1,0,1,0,0,1,1,0,1,0,1,0,1,0,1,0
909.jpg,1,0,1,0,0,1,1,0,1,0,1,0,1,0,1,0
910.jpg,1,0,1,0,0,1,1,0,1,0,1,0,1,0,1,0
911.jpg,1,0,1,0,0,1,1,0,1,0,1,0,1,0,1,0
912.jpg,1,0,1,0,0,1,1,0,1,0,1,0,1,0,1,0
913.jpg,1,0,1,0,0,1,1,0,1,0,1,0,1,0,1,0
914.jpg,1,0,1,0,0,1,1,0,1,0,0,1,1,0,1,0
915.jpg,1,0,1,0,0,1,1,0,1,0,0,1,1,0,1,0
916.jpg,1,0,1,0,0,1,1,0,1,0,0,1,1,0,1,0
917.jpg,1,0,1,0,0,1,1,0,1,0,0,1,1,0,1,0
918.jpg,1,0,1,0,0,1,1,0,1,0,0,1,1,0,1,0
919.jpg,1,0,1,0,1,0,1,0,1,0,0,1,1,0,1,0
920.jpg,1,0,1,0,1,0,1,0,1,0,0,1,1,0,1,0
921.jpg,1,0,1,0,1,0,1,0,1,0,1,0,1,0,1,0
922.jpg,1,0,1,0,1,0,1,0,1,0,1,0,1,0,1,0
923.jpg,1,0,1,0,1,0,1,0,1,0,1,0,1,0,1,0
924.jpg,0,1,1,0,1,0,1,0,1,0,1,0,1,0,1,0
925.jpg,0,1,1,0,1,0,1,0,1,0,1,0,1,0,1,0
926.jpg,0,1,1,0,1,0,1,0,1,0,1,0,1,0,1,0
927.jpg,0,1,1,0,1,0,1,0,1,0,1,0,1,0,1,0
928.jpg,0,1,1,0,1,0,1,0,1,0,1,0,1,0,1,0
929.jpg,0,1,1,0,1,0,1,0,1,0,1,0,1,0,1,0
930.jpg,0,1,1,0,1,0,1,0,1,0,1,0,1,0,1,0
931.jpg,0,1,1,0,1,0,1,0,1,0,1,0,1,0,1,0
932.jpg,0,1,1,0,1,0,1,0,1,0,1,0,1,0,1,0
933.jpg,0,1,1,0,1,0,1,0,1,0,1,0,1,0,1,0
934.jpg,0,1,1,0,1,0,1,0,1,0,1,0,1,0,1,0
935.jpg,0,1,1,0,1,0,1,0,1,0,1,0,1,0,1,0
936.jpg,0,1,1,0,1,0,1,0,1,0,1,0,1,0,1,0
937.jpg,0,1,1,0,1,0,1,0,1,0,1,0,1,0,1,0
938.jpg,0,1,1,0,1,0,1,0,1,0,1,0,1,0,1,0
939.jpg,0,1,1,0,1,0,1,0,1,0,1,0,1,0,1,0
940.jpg,0,1,1,0,1,0,1,0,1,0,1,0,1,0,1,0
941.jpg,0,1,1,0,1,0,1,0,1,0,1,0,1,0,1,0
942.jpg,0,1,1,0,1,0,1,0,1,0,1,0,1,0,1,0
943.jpg,0,1,1,0,1,0,1,0,1,0,1,0,1,0,1,0
944.jpg,0,1,1,0,1,0,1,0,1,0,1,0,1,0,1,0
945.jpg,0,1,1,0,1,0,1,0,1,0,1,0,1,0,1,0
946.jpg,0,1,1,0,1,0,1,0,1,0,1,0,1,0,1,0
947.jpg,0,1,1,0,1,0,1,0,1,0,1,0,1,0,1,0
948.jpg,0,1,1,0,1,0,1,0,1,0,1,0,1,0,1,0
949.jpg,0,1,1,0,1,0,1,0,1,0,1,0,1,0,1,0
950.jpg,0,1,1,0,1,0,1,0,1,0,1,0,1,0,1,0
951.jpg,0,1,1,0,1,0,1,0,1,0,1,0,1,0,1,0
952.jpg,0,1,1,0,1,0,1,0,1,0,1,0,1,0,1,0
953.jpg,0,1,1,0,1,0,1,0,1,0,1,0,1,0,1,0
954.jpg,0,1,1,0,1,0,1,0,1,0,1,0,1,0,1,0
955.jpg,1,0,1,0,1,0,1,0,1,0,1,0,1,0,1,0
956.jpg,1,0,1,0,1,0,1,0,1,0,1,0,1,0,1,0
957.jpg,1,0,1,0,1,0,1,0,1,0,1,0,1,0,1,0
958.jpg,1,0,1,0,1,0,1,0,1,0,1,0,1,0,1,0
959.jpg,1,0,1,0,1,0,1,0,1,0,1,0,1,0,1,0
960.jpg,1,0,1,0,1,0,1,0,1,0,1,0,1,0,1,0
961.jpg,1,0,1,0,1,0,1,0,1,0,1,0,1,0,1,0
962.jpg,1,0,1,0,1,0,1,0,1,0,1,0,1,0,1,0
963.jpg,1,0,1,0,1,0,1,0,1,0,1,0,1,0,1,0
964.jpg,1,0,1,0,1,0,1,0,1,0,1,0,1,0,1,0
965.jpg,1,0,1,0,1,0,1,0,1,0,1,0,1,0,1,0
966.jpg,1,0,1,0,1,0,1,0,1,0,1,0,1,0,1,0
967.jpg,1,0,1,0,1,0,1,0,1,0,1,0,1,0,1,0
968.jpg,1,0,1,0,1,0,1,0,1,0,1,0,1,0,1,0
969.jpg,1,0,1,0,1,0,1,0,1,0,1,0,1,0,1,0
970.jpg,1,0,1,0,1,0,1,0,1,0,1,0,1,0,1,0
971.jpg,1,0,1,0,1,0,1,0,1,0,1,0,1,0,1,0
972.jpg,0,1,1,0,1,0,1,0,1,0,1,0,1,0,1,0
973.jpg,0,1,1,0,1,0,1,0,1,0,1,0,1,0,1,0
974.jpg,0,1,1,0,1,0,1,0,1,0,1,0,1,0,1,0
975.jpg,0,1,1,0,1,0,1,0,1,0,1,0,1,0,1,0
976.jpg,0,1,1,0,1,0,1,0,1,0,1,0,1,0,1,0
977.jpg,0,1,1,0,1,0,1,0,1,0,1,0,1,0,1,0
978.jpg,0,1,1,0,1,0,1,0,1,0,1,0,1,0,1,0
979.jpg,0,1,1,0,1,0,1,0,1,0,1,0,1,0,1,0
980.jpg,1,0,1,0,1,0,1,0,1,0,1,0,1,0,1,0
981.jpg,1,0,1,0,1,0,1,0,1,0,1,0,1,0,1,0
982.jpg,1,0,1,0,1,0,1,0,1,0,1,0,1,0,1,0
983.jpg,1,0,1,0,1,0,1,0,1,0,1,0,1,0,1,0
984.jpg,1,0,1,0,1,0,1,0,1,0,1,0,1,0,1,0
985.jpg,1,0,1,0,1,0,1,0,1,0,1,0,1,0,1,0
986.jpg,1,0,1,0,1,0,1,0,1,0,1,0,1,0,1,0
987.jpg,1,0,1,0,1,0,1,0,1,0,1,0,1,0,1,0
988.jpg,1,0,1,0,1,0,1,0,1,0,1,0,1,0,1,0
989.jpg,1,0,1,0,1,0,1,0,1,0,1,0,1,0,1,0
990.jpg,1,0,1,0,1,0,1,0,1,0,1,0,1,0,1,0
991.jpg,0,1,1,0,1,0,1,0,1,0,1,0,1,0,1,0
992.jpg,0,1,1,0,1,0,1,0,1,0,1,0,1,0,1,0
993.jpg,0,1,1,0,1,0,1,0,1,0,1,0,1,0,1,0
994.jpg,0,1,1,0,1,0,1,0,1,0,1,0,1,0,1,0
995.jpg,0,1,1,0,1,0,1,0,1,0,1,0,1,0,1,0
996.jpg,0,1,1,0,1,0,1,0,1,0,1,0,1,0,1,0
997.jpg,0,1,1,0,1,0,1,0,1,0,1,0,1,0,1,0
998.jpg,0,1,1,0,1,0,1,0,1,0,1,0,1,0,1,0
999.jpg,0,1,1,0,1,0,1,0,1,0,1,0,1,0,1,0
1000.jpg,0,1,1,0,1,0,1,0,1,0,1,0,1,0,1,0
